{"initial_reset_timestamp": 1592496494.674644, "timestamps": [1592496498.845598], "episode_lengths": [123], "episode_rewards": [-15.3652322500416], "episode_types": ["t"]}