{"initial_reset_timestamp": 1592496392.196265, "timestamps": [1592496401.946815], "episode_lengths": [260], "episode_rewards": [308.6992413140754], "episode_types": ["t"]}