{"initial_reset_timestamp": 1592496415.290411, "timestamps": [1592496424.587345], "episode_lengths": [258], "episode_rewards": [304.79322252149666], "episode_types": ["t"]}