{"initial_reset_timestamp": 1593193093.9363031, "timestamps": [1593193100.8286011], "episode_lengths": [260], "episode_rewards": [289.49356750148684], "episode_types": ["t"]}