{"initial_reset_timestamp": 1592496278.250668, "timestamps": [1592496285.091264], "episode_lengths": [218], "episode_rewards": [295.2774648280461], "episode_types": ["t"]}